file,results,wins,losses,winrate_pct,profit_sum,bet_sum,avg_bet,min_bal,max_bal,missing_pre,missing_post,missing_result,sid_changes,spins_jumps,i_jumps,L_decrease_on_loss,bet_mismatch_pre_vs_result
bot.txt,32261,33,32228,0.1022906915,37.56400000,74.30600000,0.002303276401847431883698583429,1.64800000,49.81400000,19,19,2,0,10,0,31,8613
bot1.txt,44843,56,44787,0.1248801374,29.48400000,79.41600000,0.001770978748076622884285172714,37.89300000,79.12800000,54,54,2,0,0,0,53,0
bot2.txt,44341,49,44292,0.1105072055,24.60800000,104.09200000,0.002347533885117611240161475835,71.84600000,103.11400000,41,581,542,0,0,0,40,0
bot3.txt,40400,69,40331,0.1707920792,-93.20800000,287.74300000,0.007122351485148514851485148515,0E-8,105.49000000,18,17,1,1,7,6,27,3455
bot4.txt,33099,31,33068,0.0936584187,-20.58724334,108.69724334,0.003284003847246140366778452521,0E-8,34.45024334,23,22,1,0,0,0,22,0
